id,title,score,num_comments,author,created_utc,url,over_18,edited,spoiler,stickied
1jkyt4i,It's just a small schema change ðŸ¦ðŸ˜´ðŸ”¨ðŸ’ðŸ¤¡,727,27,Adela_freedom,2025-03-27 07:56:13,https://i.redd.it/yq9ge8mmu6re1.png,False,False,False,False
1jgrb2r,Corps are crazy!,461,74,HMZ_PBI,2025-03-21 20:55:25,https://www.reddit.com/r/dataengineering/comments/1jgrb2r/corps_are_crazy/,False,False,False,False
1jl60o1,Yet another vendor with their benchmark blogâ€¦,452,8,rmoff,2025-03-27 15:03:53,https://i.redd.it/8x1ddrkzy8re1.png,False,False,False,False
1jicqgl,Where is the Data Engineering industry headed?,154,65,DuckDatum,2025-03-23 23:18:01,https://www.reddit.com/r/dataengineering/comments/1jicqgl/where_is_the_data_engineering_industry_headed/,False,False,False,False
1jintms,What makes a someone the 1% DE?,135,98,Same-Branch-7118,2025-03-24 10:51:29,https://www.reddit.com/r/dataengineering/comments/1jintms/what_makes_a_someone_the_1_de/,False,False,False,False
1jkha69,"Big tech companies using snowflake, dbt and airflow?",111,69,dominant--misogynist,2025-03-26 17:24:02,https://www.reddit.com/r/dataengineering/comments/1jkha69/big_tech_companies_using_snowflake_dbt_and_airflow/,False,False,False,False
1jgshax,Saving money by going back to a private cloud by DHH,95,71,Nekobul,2025-03-21 21:46:39,https://www.reddit.com/r/dataengineering/comments/1jgshax/saving_money_by_going_back_to_a_private_cloud_by/,False,False,False,False
1jhj8dh,What's the biggest dataset you've used with DuckDB?,94,44,Icy_Clench,2025-03-22 21:31:14,https://www.reddit.com/r/dataengineering/comments/1jhj8dh/whats_the_biggest_dataset_youve_used_with_duckdb/,False,False,False,False
1jlfanl,Am I expecting too much when trying to hire a Junior Data Engineer?,80,175,lebadoo,2025-03-27 22:10:21,https://www.reddit.com/r/dataengineering/comments/1jlfanl/am_i_expecting_too_much_when_trying_to_hire_a/,False,False,False,False
1jgwdo6,Starting to see why monolithic services appeal to execs,75,30,Nightwyrm,2025-03-22 00:47:47,https://www.reddit.com/r/dataengineering/comments/1jgwdo6/starting_to_see_why_monolithic_services_appeal_to/,False,False,False,False
1jhxlgk,What's your honest take of Data Governance?,68,79,OptimalObjective641,2025-03-23 11:56:29,https://www.reddit.com/r/dataengineering/comments/1jhxlgk/whats_your_honest_take_of_data_governance/,False,False,False,False
1jk0wjd,Why is my bronze table 400x larger than silver in Databricks?,64,24,EmergencyHot2604,2025-03-26 01:59:40,https://www.reddit.com/r/dataengineering/comments/1jk0wjd/why_is_my_bronze_table_400x_larger_than_silver_in/,False,False,False,False
1jiss37,Where i work there is no concept about costs optimization,62,30,HMZ_PBI,2025-03-24 15:03:18,https://www.reddit.com/r/dataengineering/comments/1jiss37/where_i_work_there_is_no_concept_about_costs/,False,False,False,False
1jklp76,How do you orchestrate your data pipelines?,52,36,Competitive_Lie_1340,2025-03-26 20:23:56,https://www.reddit.com/r/dataengineering/comments/1jklp76/how_do_you_orchestrate_your_data_pipelines/,False,False,False,False
1jjpjlb,Sail MCP Server: Spark Analytics for LLM Agents,52,0,lake_sail,2025-03-25 17:51:54,https://github.com/lakehq/sail,False,False,False,False
1jjfpd7,Passed Microsoft DP-203 with 742/1000 â€“ Some Lessons Learned,53,17,raopheefah,2025-03-25 09:52:42,https://www.reddit.com/r/dataengineering/comments/1jjfpd7/passed_microsoft_dp203_with_7421000_some_lessons/,False,False,False,False
1jgplbd,"What does your ""RAW"" layer look like?",47,30,jduran9987,2025-03-21 19:42:41,https://www.reddit.com/r/dataengineering/comments/1jgplbd/what_does_your_raw_layer_look_like/,False,False,False,False
1jjamf1,Separate file for SQL in python script?,44,64,thinkingatoms,2025-03-25 03:49:13,https://www.reddit.com/r/dataengineering/comments/1jjamf1/separate_file_for_sql_in_python_script/,False,False,False,False
1jiva8y,What actually defines a DataFrame?,48,32,Senior_Way8692,2025-03-24 16:45:14,https://www.reddit.com/r/dataengineering/comments/1jiva8y/what_actually_defines_a_dataframe/,False,False,False,False
1jl0w0z,"Having one of those days where it feels like everything I touch is conspiring against me. Please share your annoyances with IDEs, databases, libraries, whatever, so I donâ€™t feel as alone",38,8,LonelyArmpit,2025-03-27 10:35:43,https://i.redd.it/zufsj1o7n7re1.jpeg,False,False,False,False
1jh844y,Waning Data Engineer,39,24,Philosopher_Dozer,2025-03-22 13:11:09,https://www.reddit.com/r/dataengineering/comments/1jh844y/waning_data_engineer/,False,False,False,False
1jh0mbq,Optimising for spark job which is processing about 6.7 TB of raw data.,40,20,_smallpp_4,2025-03-22 04:36:36,https://www.reddit.com/r/dataengineering/comments/1jh0mbq/optimising_for_spark_job_which_is_processing/,False,False,False,False
1jlwwv4,"Deep dive into Appleâ€™s hiring process for Data Engineers â€” tools, questions, system design",37,7,Mountain-Method-7411,2025-03-28 14:53:24,https://www.reddit.com/r/dataengineering/comments/1jlwwv4/deep_dive_into_apples_hiring_process_for_data/,False,False,False,False
1jkv4vp,Why OLAP Databases Might Not Be the Best Fit for Observability Workloads,29,10,PutHuge6368,2025-03-27 03:45:47,https://www.reddit.com/r/dataengineering/comments/1jkv4vp/why_olap_databases_might_not_be_the_best_fit_for/,False,False,False,False
1jl87n2,The Confused Analytics Engineer,23,5,Global-Ad-7760,2025-03-27 16:36:45,https://daft-data.medium.com/the-confused-analytics-engineer-773dc0068c69?sk=6f828120bb6dca0974524ca2232bbc0e,False,False,False,False
1jkdbwc,Medallion Architecture for Spatial Data,23,20,mbforr,2025-03-26 14:39:20,https://www.reddit.com/r/dataengineering/comments/1jkdbwc/medallion_architecture_for_spatial_data/,False,False,False,False
1jioh40,Microsoft Fabric Data Engineer Exam (DP-700) Prep Series on YouTube,23,3,aleks1ck,2025-03-24 11:32:33,https://www.reddit.com/r/dataengineering/comments/1jioh40/microsoft_fabric_data_engineer_exam_dp700_prep/,False,False,False,False
1jlsus8,PSA: Airbyte now has proper rate limiting!,23,3,meyerovb,2025-03-28 11:27:43,https://docs.airbyte.com/connector-development/config-based/understanding-the-yaml-file/rate-limit-api-budget,False,False,False,False
1jivfi0,Do you think Fabric will eventually match the performance of competitors?,22,43,Unusual_Midnight_243,2025-03-24 16:51:04,https://www.reddit.com/r/dataengineering/comments/1jivfi0/do_you_think_fabric_will_eventually_match_the/,False,False,False,False
1jlbq7y,Alternate to Data Engineer,18,20,Accomplished_Cloud80,2025-03-27 19:07:52,https://www.reddit.com/r/dataengineering/comments/1jlbq7y/alternate_to_data_engineer/,False,False,False,False
1jjedpr,Where's the Timeseries AI?,20,11,Solvicode,2025-03-25 08:09:01,https://www.reddit.com/r/dataengineering/comments/1jjedpr/wheres_the_timeseries_ai/,False,False,False,False
1jljhkr,OLAP vs OLTP - data lakes and the three-layer architecture question,19,13,-crucible-,2025-03-28 01:22:29,https://www.reddit.com/r/dataengineering/comments/1jljhkr/olap_vs_oltp_data_lakes_and_the_threelayer/,False,False,False,False
1jl1ojt,I need some tips as a Data Engineer in my new Job,19,9,Moradisten,2025-03-27 11:27:49,https://www.reddit.com/r/dataengineering/comments/1jl1ojt/i_need_some_tips_as_a_data_engineer_in_my_new_job/,False,False,False,False
1jkbs8o,Is it normal to do interviews without job searching?,18,15,zaskitin,2025-03-26 13:29:00,https://www.reddit.com/r/dataengineering/comments/1jkbs8o/is_it_normal_to_do_interviews_without_job/,False,False,False,False
1jilwvk,Feeling stuck in current role due to a weird tech stack (UK),19,31,Brammerz,2025-03-24 08:27:17,https://www.reddit.com/r/dataengineering/comments/1jilwvk/feeling_stuck_in_current_role_due_to_a_weird_tech/,False,False,False,False
1jk7e4d,Which country(except USA) would be the best for Data Engineers,19,91,OkMaize9773,2025-03-26 09:00:01,https://www.reddit.com/r/dataengineering/comments/1jk7e4d/which_countryexcept_usa_would_be_the_best_for/,False,False,False,False
1jkboyx,How the Ontology Pipeline Powers Semantic,18,1,growth_man,2025-03-26 13:24:35,https://moderndata101.substack.com/p/the-ontology-pipeline,False,False,False,False
1jir54z,"Automating PostgreSQL dumps to Aws RDS, feedback needed",17,7,Spiritual-Conflict15,2025-03-24 13:51:38,https://i.redd.it/nnoauxaf7nqe1.png,False,False,False,False
1jigk9j,Well-Designed Data Warehouse Examples,16,7,7thG0D,2025-03-24 02:28:49,https://www.reddit.com/r/dataengineering/comments/1jigk9j/welldesigned_data_warehouse_examples/,False,False,False,False
1jion6g,Data Engineer or Software Engineer?,15,6,0xAstr0,2025-03-24 11:42:52,https://www.reddit.com/r/dataengineering/comments/1jion6g/data_engineer_or_software_engineer/,False,False,False,False
1jinyx2,"Apache Flink 2.0.0 is out and has deep integration with Apache Paimon - strengthening the Streaming Lakehouse architecture, making Flink a leading solution for real-time data lake use cases.",16,2,DevWithIt,2025-03-24 11:01:13,https://www.reddit.com/r/dataengineering/comments/1jinyx2/apache_flink_200_is_out_and_has_deep_integration/,False,False,False,False
1jin77t,"Merge-on-Read vs Copy-on-Write in Apache Iceberg, critics?",16,0,zriyansh,2025-03-24 10:07:40,https://www.reddit.com/r/dataengineering/comments/1jin77t/mergeonread_vs_copyonwrite_in_apache_iceberg/,False,False,False,False
1jkg5z4,Looking for intermediate/advanced blogs on optimizing sql queries,14,13,painfullyallured,2025-03-26 16:38:48,https://www.reddit.com/r/dataengineering/comments/1jkg5z4/looking_for_intermediateadvanced_blogs_on/,False,False,False,False
1jhyjqf,Schema Evolution But in MSSQL,14,7,vh_obj,2025-03-23 12:51:04,https://www.reddit.com/r/dataengineering/comments/1jhyjqf/schema_evolution_but_in_mssql/,False,False,False,False
1jllgz1,Snowflake CiCD without DBT,15,16,FVvE1ds5DV,2025-03-28 03:04:20,https://www.reddit.com/r/dataengineering/comments/1jllgz1/snowflake_cicd_without_dbt/,False,False,False,False
1jl0lpd,Databricks associate data engineer resources?,11,4,fraiser3131,2025-03-27 10:15:48,https://i.redd.it/il0b7qlnj7re1.jpeg,False,False,False,False
1jkndry,Cool tools making AI dev smoother,13,3,Future-Goose7,2025-03-26 21:34:48,https://www.reddit.com/r/dataengineering/comments/1jkndry/cool_tools_making_ai_dev_smoother/,False,False,False,False
1jihy7n,Data Transfer â€”> on-prem server to S3,12,20,Different-Ad-2901,2025-03-24 03:45:27,https://www.reddit.com/r/dataengineering/comments/1jihy7n/data_transfer_onprem_server_to_s3/,False,False,False,False
1jhjldb,Pipeline Design for Airflow,14,3,Status_Strategy_1055,2025-03-22 21:48:12,https://www.reddit.com/r/dataengineering/comments/1jhjldb/pipeline_design_for_airflow/,False,False,False,False
1jl44gg,"Mapped 82 articles from 62 sources to uncover the battle for subsea cable supremacy
using Palantir [OC]",12,2,boundless-discovery,2025-03-27 13:38:50,https://i.redd.it/g99coceqj8re1.png,False,False,False,False
1jjnxm9,Recommendations for Technical Data Engineering Conferences in Europe (2025),13,5,Agreeable-College364,2025-03-25 16:46:50,https://www.reddit.com/r/dataengineering/comments/1jjnxm9/recommendations_for_technical_data_engineering/,False,False,False,False
1jka8r3,BigQuery vs. BigQuery External Tables (Apache Iceberg) for Complex Queries â€“ Which is Better?,9,7,UnusualBake4552,2025-03-26 12:10:26,https://www.reddit.com/r/dataengineering/comments/1jka8r3/bigquery_vs_bigquery_external_tables_apache/,False,False,False,False
1jh6lie,Iceberg data catalogs differences,10,6,Commercial_Dig2401,2025-03-22 11:43:43,https://www.reddit.com/r/dataengineering/comments/1jh6lie/iceberg_data_catalogs_differences/,False,False,False,False
1jkk69f,Airflow AI SDK to build pragmatic LLM workflows,12,1,jlaneve,2025-03-26 19:21:51,https://www.reddit.com/r/dataengineering/comments/1jkk69f/airflow_ai_sdk_to_build_pragmatic_llm_workflows/,False,False,False,False
1jj9dx1,Has anyone worked on Redshift to Snowflake migration?,9,16,OpportunityBrave6178,2025-03-25 02:41:48,https://www.reddit.com/r/dataengineering/comments/1jj9dx1/has_anyone_worked_on_redshift_to_snowflake/,False,False,False,False
1jh636z,Data quality checks,12,2,Ok-Cry-1589,2025-03-22 11:09:51,https://www.reddit.com/r/dataengineering/comments/1jh636z/data_quality_checks/,False,False,False,False
1jgllxq,Snowflake DevOps: Need Advice!,8,16,python_automator,2025-03-21 16:57:16,https://www.reddit.com/r/dataengineering/comments/1jgllxq/snowflake_devops_need_advice/,False,False,False,False
1jjxwii,Breaking down Spark execution times,10,13,TurboSmoothBrain,2025-03-25 23:36:30,https://www.reddit.com/r/dataengineering/comments/1jjxwii/breaking_down_spark_execution_times/,False,False,False,False
1jjmehk,Optimizing Iceberg Metadata Management in Large-Scale Datalakes,6,1,Worth-Lie-3432,2025-03-25 15:42:55,https://www.reddit.com/r/dataengineering/comments/1jjmehk/optimizing_iceberg_metadata_management_in/,False,False,False,False
1jjjnl5,Do your teams have assigned QA resource?,8,17,wallyflops,2025-03-25 13:43:02,https://www.reddit.com/r/dataengineering/comments/1jjjnl5/do_your_teams_have_assigned_qa_resource/,False,False,False,False
1jisxkk,Simple Data Pipeline Project Walkthrough for Capturing Daily Weather Data and Loading it into Big Query using dlt running in a Cloud Function on GCP,8,0,DataSling3r,2025-03-24 15:09:26,https://www.reddit.com/r/dataengineering/comments/1jisxkk/simple_data_pipeline_project_walkthrough_for/,False,False,False,False
1jlrnuh,Open source re-implementation of GraphFrames but with multiple backends (with Ibis project),9,0,ssinchenko,2025-03-28 10:07:37,https://www.reddit.com/r/dataengineering/comments/1jlrnuh/open_source_reimplementation_of_graphframes_but/,False,False,False,False
1jlm59l,"Bytebase 3.5.0 released -- Expanded connection parameter support for PostgreSQL, MySQL, Microsoft SQL Server, and Oracle databases.",7,0,op3rator_dec,2025-03-28 03:40:22,https://www.reddit.com/r/dataengineering/comments/1jlm59l/bytebase_350_released_expanded_connection/,False,False,False,False
1jlb3en,"Stateful vs Stateless Stream Processing: Watermarks, Barriers, and Performance Trade-offs",7,0,Ill_Force756,2025-03-27 18:35:13,https://www.e6data.com/blog/stateful-vs-stateless-stream-processing,False,False,False,False
1jl7m6l,Need help understanding the internals of Airbyte or Fivetran,7,3,YameteGPT,2025-03-27 16:11:39,https://www.reddit.com/r/dataengineering/comments/1jl7m6l/need_help_understanding_the_internals_of_airbyte/,False,False,False,False
1jkvwbv,Best Practices For High Frequency Scraping in the Cloud,7,8,Vivid_Artichoke_6946,2025-03-27 04:29:50,https://www.reddit.com/r/dataengineering/comments/1jkvwbv/best_practices_for_high_frequency_scraping_in_the/,False,False,False,False
1jkltoo,Laid off and feeling lost - could use some advice if anyone has the time/capacity,8,15,FingerBlasting,2025-03-26 20:29:03,https://www.reddit.com/r/dataengineering/comments/1jkltoo/laid_off_and_feeling_lost_could_use_some_advice/,False,False,False,False
1jjgk4d,SWE to DE,8,11,crimbo_jimbo,2025-03-25 10:51:26,https://www.reddit.com/r/dataengineering/comments/1jjgk4d/swe_to_de/,False,False,False,False
1jjg934,Confused between software development and data engineering.,8,4,P18K,2025-03-25 10:30:29,https://www.reddit.com/r/dataengineering/comments/1jjg934/confused_between_software_development_and_data/,False,False,False,False
1jib5pf,Multiple languages in a datapipeline,7,4,pirana04,2025-03-23 22:07:07,https://www.reddit.com/r/dataengineering/comments/1jib5pf/multiple_languages_in_a_datapipeline/,False,False,False,False
1jhlz6t,Data Culture Challenges,9,2,dopedankfrfr,2025-03-22 23:40:38,https://www.reddit.com/r/dataengineering/comments/1jhlz6t/data_culture_challenges/,False,False,False,False
1jgqklu,Recommendations for data validation using Pyspark?,6,8,Azelais,2025-03-21 20:23:41,https://www.reddit.com/r/dataengineering/comments/1jgqklu/recommendations_for_data_validation_using_pyspark/,False,False,False,False
1jgny9g,Is their any other than repartition and salting to handle skew data.,6,4,Lolitsmekonichiwa,2025-03-21 18:33:39,https://www.reddit.com/r/dataengineering/comments/1jgny9g/is_their_any_other_than_repartition_and_salting/,False,False,False,False
1jgmr2x,Hard time to land a DE role,5,21,cruze_8907,2025-03-21 17:43:24,https://www.reddit.com/r/dataengineering/comments/1jgmr2x/hard_time_to_land_a_de_role/,False,False,False,False
1jl59c9,Loading multiple CSV files from an S3 bucket into AWS RDS Postgres database.,5,19,Awsmason,2025-03-27 14:31:45,https://www.reddit.com/r/dataengineering/comments/1jl59c9/loading_multiple_csv_files_from_an_s3_bucket_into/,False,False,False,False
1jl3xlt,ELT tool with hybrid deployment for enhanced security and performance,6,1,seriousbear,2025-03-27 13:29:19,https://www.reddit.com/r/dataengineering/comments/1jl3xlt/elt_tool_with_hybrid_deployment_for_enhanced/,False,False,False,False
1jkzkf0,How does one create Data Warehouse from scratch?,7,29,Pillstyr,2025-03-27 08:57:10,https://www.reddit.com/r/dataengineering/comments/1jkzkf0/how_does_one_create_data_warehouse_from_scratch/,False,False,False,False
1jkm9s5,Simple stack for data warehouse and BI,4,21,dagician999,2025-03-26 20:47:40,https://www.reddit.com/r/dataengineering/comments/1jkm9s5/simple_stack_for_data_warehouse_and_bi/,False,False,False,False
1jj2p4p,"Dynamo DB, AWS S3, dbt pipeline",6,13,Judessaa,2025-03-24 21:36:15,https://www.reddit.com/r/dataengineering/comments/1jj2p4p/dynamo_db_aws_s3_dbt_pipeline/,False,False,False,False
1jivxcq,Redshift Spectrum vs Athena,6,9,Certain_Mix4668,2025-03-24 17:10:08,https://www.reddit.com/r/dataengineering/comments/1jivxcq/redshift_spectrum_vs_athena/,False,False,False,False
1jimy7w,What are the best data engineering certs to have as a DE contractor?,6,3,HarnessingThePower,2025-03-24 09:49:54,https://www.reddit.com/r/dataengineering/comments/1jimy7w/what_are_the_best_data_engineering_certs_to_have/,False,False,False,False
1jhradv,Database Architectures for AI Writing Systems,6,3,drnick316,2025-03-23 04:30:04,https://medium.com/@SomethingaboutAI/database-architectures-for-ai-writing-systems-2b7c715dde6e,False,False,False,False
1jhcmsr,Weâ€™re working on a new tool to make schema visualization and discovery easier,5,2,Funny-Safety-6202,2025-03-22 16:41:06,https://www.reddit.com/r/dataengineering/comments/1jhcmsr/were_working_on_a_new_tool_to_make_schema/,False,False,False,False
1jhchlq,Securely Share and Automate File Transfers with AWS Transfer Family & Terraform,5,0,mjfnd,2025-03-22 16:34:44,https://www.reddit.com/r/dataengineering/comments/1jhchlq/securely_share_and_automate_file_transfers_with/,False,False,False,False
1jgyxik,Helping my cousin land her first data engineering job,5,2,skatez101,2025-03-22 03:00:36,https://www.reddit.com/r/dataengineering/comments/1jgyxik/helping_my_cousin_land_her_first_data_engineering/,False,False,False,False
1jlt616,How are you automating ingestion SQL? (COPY from S3),4,8,MonochromeDinosaur,2025-03-28 11:47:15,https://www.reddit.com/r/dataengineering/comments/1jlt616/how_are_you_automating_ingestion_sql_copy_from_s3/,False,False,False,False
1jlm3zw,Next-level backends with Rama: storing and traversing graphs in 60 LOC,6,0,nathanmarz,2025-03-28 03:38:23,https://blog.redplanetlabs.com/2025/03/26/next-level-backends-with-rama-graphs/,False,False,False,False
1jkmyo4,Architecture for product search and filter on web app,4,1,Pleasant-Aardvark258,2025-03-26 21:16:53,https://www.reddit.com/r/dataengineering/comments/1jkmyo4/architecture_for_product_search_and_filter_on_web/,False,False,False,False
1jk82z1,"Need to Solidify My Self-Taught Data Engineering Skills - $2000 Budget, What's Your Top Pick?",3,11,Subject-Ebb-5250,2025-03-26 09:52:17,https://www.reddit.com/r/dataengineering/comments/1jk82z1/need_to_solidify_my_selftaught_data_engineering/,False,False,False,False
1jjzl1u,Need help optimizing 35TB PySpark Job on Ray Cluster (Using RayDP),4,28,ShortAd9621,2025-03-26 00:54:49,https://www.reddit.com/r/dataengineering/comments/1jjzl1u/need_help_optimizing_35tb_pyspark_job_on_ray/,False,False,False,False
1jjh8i1,"3rd episode of my free ""Data engineering with Fabric"" course in YouTube is live!",6,2,TybulOnAzure,2025-03-25 11:34:39,https://www.reddit.com/r/dataengineering/comments/1jjh8i1/3rd_episode_of_my_free_data_engineering_with/,False,False,False,False
1jjdeli,Astronomer,5,7,Ok-Security9722,2025-03-25 06:53:46,https://www.reddit.com/r/dataengineering/comments/1jjdeli/astronomer/,False,False,False,False
1jixwww,How to prepare data in a way that can scale up for ML?,6,4,Altruistic-Bid4584,2025-03-24 18:28:01,https://www.reddit.com/r/dataengineering/comments/1jixwww/how_to_prepare_data_in_a_way_that_can_scale_up/,False,False,False,False
1jhzw1b,What tools are there for data extraction from research papers?,6,17,Luccy_33,2025-03-23 13:59:58,https://www.reddit.com/r/dataengineering/comments/1jhzw1b/what_tools_are_there_for_data_extraction_from/,False,False,False,False
1jhfy9d,Discussion: New ETL platform,6,27,Different-Hornet-468,2025-03-22 19:04:31,https://www.reddit.com/r/dataengineering/comments/1jhfy9d/discussion_new_etl_platform/,False,False,False,False
1jhbzuy,Old database migration to a new ERP,5,3,BryanNeves,2025-03-22 16:12:55,https://www.reddit.com/r/dataengineering/comments/1jhbzuy/old_database_migration_to_a_new_erp/,False,False,False,False
1jh8igl,Which tool would you recommend for this task?,3,1,trippy_timmy,2025-03-22 13:32:13,https://www.reddit.com/r/dataengineering/comments/1jh8igl/which_tool_would_you_recommend_for_this_task/,False,False,False,False
1jgrjed,Data Engineering Academy,4,18,tomt995,2025-03-21 21:05:05,https://www.reddit.com/r/dataengineering/comments/1jgrjed/data_engineering_academy/,False,False,False,False
1jlwi4f,Best Method to Migrate Iceberg Table Location from One Folder to Another?,5,1,UnusualBake4552,2025-03-28 14:34:56,https://www.reddit.com/r/dataengineering/comments/1jlwi4f/best_method_to_migrate_iceberg_table_location/,False,False,False,False
1jlw5zf,Developing a new open-source RAG Framework for Deep Learning Pipelines,4,1,Gbalke,2025-03-28 14:19:24,https://www.reddit.com/r/dataengineering/comments/1jlw5zf/developing_a_new_opensource_rag_framework_for/,False,False,False,False
